ABCDEF2345,XYZ789GHJK,MNPQRS6789,TUVWXY2468,ABCDEFGHJK
PQRSTUVWXY,2345678ABC,DEFGHJKMNP,QRSTUVWXYZ,23456789AB
CDEFGHJKMN,PQRSTUVW23,456789ABCD,EFGHJKMNPQ,RSTUVWXYZ2
3456789ABC,DEFGHJK234,56789ABCDE,FGHJKMNPQR,STUVWXYZ23
456789ABCD,EFGH234567,89ABCDEFGH,JKMNPQRSTU,VWXYZ23456
789ABCDEFG,HJKMNPQ234,56789ABCDE,FGHJKMNPQR,STUVW23456
789ABCDEFG,HJKMNPQRST,UVWXYZ2345,6789ABCDEF,GHJKMNPQRS
TUVWXYZ234,56789ABC23,456789ABCD,EFGHJK2345,6789ABCDEF
GHJKMNP234,56789ABCDE,FGHJKMNPQR,STUVWXY234,56789ABCDE
FGHJKMNPQR,STUVWXYZ23,456789ABCD,EFGHJKM234,56789ABCDE

